City,Passengers
Atlanta,107394029
Los Angeles,87534384
Chicago,83339186
Dallas-Fort Worth,69112607
Denver,64494613
New York,61909148
San Mateo,57793313
Seattle,49849520
Las Vegas,49716584
Orlando,47696627
Charlotte,46444380
Newark,46065175
Miami,45044312
Phoenix,44943686
Houston,43807539
Detroit,35425369
